player_id,player_full_name,player_slug,player_team_id,player_image
1007546,Yousri Bouzok,yousri-bouzok,41757,https://api.sofascore.app/api/v1/player/1007546/image
1401589,Amine Zouhzouh,amine-zouhzouh,24394,https://api.sofascore.app/api/v1/player/1401589/image
1140869,Mohamed Saber,mohamed-saber,55049,https://api.sofascore.app/api/v1/player/1140869/image
797021,Adam Ennafati,adam-ennafati,41757,https://api.sofascore.app/api/v1/player/797021/image
1401592,Ayoub El Khayati,ayoub-el-khayati,24394,https://api.sofascore.app/api/v1/player/1401592/image
1140885,Mehdi Harrar,mehdi-harrar,327830,https://api.sofascore.app/api/v1/player/1140885/image
919489,Mohamed Rabie Hrimat,mohamed-rabie-hrimat,24394,https://api.sofascore.app/api/v1/player/919489/image
970755,Mehdi Maftah,mehdi-maftah,36268,https://api.sofascore.app/api/v1/player/970755/image
879567,Badereddine Benaachour,badereddine-benaachour,87180,https://api.sofascore.app/api/v1/player/879567/image
1459304,Sidi Amar Bouna,sidi-amar-bouna,36268,https://api.sofascore.app/api/v1/player/1459304/image
978955,Youssef El Fahli,youssef-el-fahli,80395,https://api.sofascore.app/api/v1/player/978955/image
1015212,Lahcen Dahdouh,lahcen-dahdouh,297607,https://api.sofascore.app/api/v1/player/1015212/image
1874639,Abdallah Ziani,abdallah-ziani,80395,https://api.sofascore.app/api/v1/player/1874639/image
1140859,Hamza Igamane,hamza-igamane,24394,https://api.sofascore.app/api/v1/player/1140859/image
1461412,Hamza Bahaj,hamza-bahaj,327830,https://api.sofascore.app/api/v1/player/1461412/image
1014435,Zouhair Marour,zouhair-marour,24394,https://api.sofascore.app/api/v1/player/1014435/image
1008621,Ismail Khafi,ismail-khafi,87180,https://api.sofascore.app/api/v1/player/1008621/image
1525290,Adil Cherkaoui,adil-cherkaoui,263373,https://api.sofascore.app/api/v1/player/1525290/image
919329,Achraf Harmach,achraf-harmach,55035,https://api.sofascore.app/api/v1/player/919329/image
970586,Achraf Hilali,achraf-hilali,118830,https://api.sofascore.app/api/v1/player/970586/image
1476706,Khalid Ait Ouarkhane,khalid-ait-ouarkhane,24394,https://api.sofascore.app/api/v1/player/1476706/image
919677,Yahia Attiyat Allah,yahia-attiyat-allah,36268,https://api.sofascore.app/api/v1/player/919677/image
970819,Mohamed Boulacsout,mohamed-boulacsout,41757,https://api.sofascore.app/api/v1/player/970819/image
1212072,Rachid Ghanimi,rachid-ghanimi,55027,https://api.sofascore.app/api/v1/player/1212072/image
796155,Sabir Bougrine,sabir-bougrine,41757,https://api.sofascore.app/api/v1/player/796155/image
1004427,Omar Jerrari,jerrari-omar,55035,https://api.sofascore.app/api/v1/player/1004427/image
1474715,Mohssine Bourika,mohssine-bourika,55035,https://api.sofascore.app/api/v1/player/1474715/image
307470,Anas Zniti,anas-zniti,41757,https://api.sofascore.app/api/v1/player/307470/image
919753,Marouane Fakhr,marouane-fakhr,263373,https://api.sofascore.app/api/v1/player/919753/image
855858,Hicham Boussefiane,hicham-boussefiane,36268,https://api.sofascore.app/api/v1/player/855858/image
782542,Hamza El Moussaoui,hamza-el-moussaoui,80395,https://api.sofascore.app/api/v1/player/782542/image
919712,Yahya Jabrane,jabrane-yahya,36268,https://api.sofascore.app/api/v1/player/919712/image
1619134,Driss El-Jabli,driss-el-jabli,55035,https://api.sofascore.app/api/v1/player/1619134/image
919486,Naoufel Zerhouni,naoufel-zerhouni,41757,https://api.sofascore.app/api/v1/player/919486/image
919583,Ayoub Nanah,ayoub-nanah,55027,https://api.sofascore.app/api/v1/player/919583/image
972816,Mohamed Walid Bencherifa,mohamed-walid-bencherifa,87180,https://api.sofascore.app/api/v1/player/972816/image
1463237,Badreddine Abyir,badreddine-abyir,55039,https://api.sofascore.app/api/v1/player/1463237/image
1009912,Khalid Kbiri Alaoui,khalid-kbiri-alaoui,55037,https://api.sofascore.app/api/v1/player/1009912/image
1170317,Imad Riahi,imad-riahi,55035,https://api.sofascore.app/api/v1/player/1170317/image
1140872,Mohamed Moufid,mohamed-moufid,24394,https://api.sofascore.app/api/v1/player/1140872/image
919761,Larbi Naji,larbi-najji,24394,https://api.sofascore.app/api/v1/player/919761/image
919633,Ayoub Moudden,moudden-ayoub,55049,https://api.sofascore.app/api/v1/player/919633/image
973404,El Hadji Kane,el-hadji-kane,87180,https://api.sofascore.app/api/v1/player/973404/image
919532,Yassine Labhiri,yassine-labhiri,80395,https://api.sofascore.app/api/v1/player/919532/image
919484,Youssef Belammari,youssef-belammari,41757,https://api.sofascore.app/api/v1/player/919484/image
971021,Ismail Mokadem,ismail-mokadem,41757,https://api.sofascore.app/api/v1/player/971021/image
1140828,Ayman Dairani,ayman-dairani,118834,https://api.sofascore.app/api/v1/player/1140828/image
1404071,Ziad Laafsa,ziad-laafsa,170588,https://api.sofascore.app/api/v1/player/1404071/image
190411,Reda Jaadi,reda-jaadi,87180,https://api.sofascore.app/api/v1/player/190411/image
970572,Ayoub El Amloud,el-amloud-ayoub,36268,https://api.sofascore.app/api/v1/player/970572/image
1140862,Hassan Doughmi,hassan-doughmi,297607,https://api.sofascore.app/api/v1/player/1140862/image
1140958,Moncef Amri,moncef-amri,24394,https://api.sofascore.app/api/v1/player/1140958/image
1140945,Hamza El Janati,hamza-el-janati,55035,https://api.sofascore.app/api/v1/player/1140945/image
919671,Mohamed El Morabit,mohamed-el-morabit,80395,https://api.sofascore.app/api/v1/player/919671/image
882322,Badr Gaddarine,badr-gaddarine,36268,https://api.sofascore.app/api/v1/player/882322/image
1186787,Youness Najari,youness-najari,55037,https://api.sofascore.app/api/v1/player/1186787/image
1095732,Oussama Zemraoui,oussama-zemraoui,36268,https://api.sofascore.app/api/v1/player/1095732/image
970606,Ayoub Boucheta,ayoub-boucheta,36268,https://api.sofascore.app/api/v1/player/970606/image
1799533,Mohamed Amine Ouakaf,mohamed-amine-ouakaf,55035,https://api.sofascore.app/api/v1/player/1799533/image
359280,Ahmed Reda Tagnaouti,ahmed-reda-tagnaouti,55035,https://api.sofascore.app/api/v1/player/359280/image
1525311,Mohamed Habbali,mohamed-habbali,263373,https://api.sofascore.app/api/v1/player/1525311/image
980301,Gaya Merbah,gaya-merbah,87180,https://api.sofascore.app/api/v1/player/980301/image
1401591,Ayman Hadidi,ayman-hadidi,297607,https://api.sofascore.app/api/v1/player/1401591/image
1182584,Youssef Mehri,youssef-mehri,80395,https://api.sofascore.app/api/v1/player/1182584/image
970617,Mohamed El Khaloui,mohamed-el-khaloui,297607,https://api.sofascore.app/api/v1/player/970617/image
919533,Ahmed Hammoudan,ahmed-hammoudan,24394,https://api.sofascore.app/api/v1/player/919533/image
1008280,Hilal Ferdaoussi,hilal-ferdaoussi,55049,https://api.sofascore.app/api/v1/player/1008280/image
919690,Zakaria Nassik,zakaria-nassik,55035,https://api.sofascore.app/api/v1/player/919690/image
359284,Omar Arjoune,omar-arjoune,80395,https://api.sofascore.app/api/v1/player/359284/image
359290,Zouhair El Moutaraji,zouhair-el-moutaraji,36268,https://api.sofascore.app/api/v1/player/359290/image
1874626,Ali Meftah,ali-meftah,80395,https://api.sofascore.app/api/v1/player/1874626/image
1140810,Abdelkarim Ialioune,abdelkarim-ialioune,55039,https://api.sofascore.app/api/v1/player/1140810/image
1008634,Mohamed Ferni,mohamed-ferni,263373,https://api.sofascore.app/api/v1/player/1008634/image
880101,Hamza El Wasti,hamza-el-wasti,87180,https://api.sofascore.app/api/v1/player/880101/image
1545319,Melo Ndiaye,melo-ndiaye,118830,https://api.sofascore.app/api/v1/player/1545319/image
884819,Mahmoud Benhalib,mahmoud-benhalib,263373,https://api.sofascore.app/api/v1/player/884819/image
1014377,Et-Tayeb Boukhriss,et-tayeb-boukhriss,24394,https://api.sofascore.app/api/v1/player/1014377/image
919551,Yahia El Filali,yahia-el-filali,55049,https://api.sofascore.app/api/v1/player/919551/image
1103725,Ade Oguns,ade-oguns,36268,https://api.sofascore.app/api/v1/player/1103725/image
1140959,Karim El Bounagate,karim-el-bounagate,55037,https://api.sofascore.app/api/v1/player/1140959/image
970766,Abdellah Khafifi,abdellah-khafifi,41757,https://api.sofascore.app/api/v1/player/970766/image
973040,Elhadji Konate,elhadji-konate,87180,https://api.sofascore.app/api/v1/player/973040/image
919701,Abdelkarim Baadi,baadi-abdelkarim,80395,https://api.sofascore.app/api/v1/player/919701/image
919477,Anas Bach,anas-bach,55027,https://api.sofascore.app/api/v1/player/919477/image
970611,Abderrahim Khadou,abderrahim-khadou,263373,https://api.sofascore.app/api/v1/player/970611/image
1402221,Abdelhay El Forsy,abdelhay-el-forsy,263373,https://api.sofascore.app/api/v1/player/1402221/image
1525865,Aymen Moutawi,aymen-moutawi,263373,https://api.sofascore.app/api/v1/player/1525865/image
975834,Ilyes Chetti,ilyes-chetti,36268,https://api.sofascore.app/api/v1/player/975834/image
1151070,Tahar El Khalej,tahar-el-khalej,118834,https://api.sofascore.app/api/v1/player/1151070/image
1140820,Salaheddine Chihab,salaheddine-chihab,55035,https://api.sofascore.app/api/v1/player/1140820/image
1009188,Amine Aboulfath,amine-aboulfath,36268,https://api.sofascore.app/api/v1/player/1009188/image
919623,Abdoulaye Diarra,abdoulaye-diarra,55037,https://api.sofascore.app/api/v1/player/919623/image
861023,Hicham El Allouch,hicham-el-allouch,297607,https://api.sofascore.app/api/v1/player/861023/image
1004526,Saifeddine Bouhra,bouhra-saifeddine,36268,https://api.sofascore.app/api/v1/player/1004526/image
1140933,Chouaib Faidi,chouaib-faidi,170588,https://api.sofascore.app/api/v1/player/1140933/image
919788,Souhail Yechou,yechou-souhail,55037,https://api.sofascore.app/api/v1/player/919788/image
867085,Ismail El Haddad,ismail-el-haddad,36268,https://api.sofascore.app/api/v1/player/867085/image
1140944,Hamza El Ichaoui,hamza-el-ichaoui,55035,https://api.sofascore.app/api/v1/player/1140944/image
1140890,Abdelghafour Lamirat,abdelghafour-lamirat,55037,https://api.sofascore.app/api/v1/player/1140890/image
191192,Mohamed Chemlal,mohamed-chemlal,118834,https://api.sofascore.app/api/v1/player/191192/image
919711,Abdelkhalek Hamidouch,abdelkhalek-hamidouch,263373,https://api.sofascore.app/api/v1/player/919711/image
1140920,Bilal El Ouadghiri,bilal-el-ouadghiri,55027,https://api.sofascore.app/api/v1/player/1140920/image
1140803,Abdelhak Assal,abdelhak-assal,80395,https://api.sofascore.app/api/v1/player/1140803/image
1004425,Anouar Tarkhatt,tarkhatt-anouar,24394,https://api.sofascore.app/api/v1/player/1004425/image
970761,Jamal Harkass,jamal-harkass,36268,https://api.sofascore.app/api/v1/player/970761/image
919469,Aymane Majid,aymane-majid,55027,https://api.sofascore.app/api/v1/player/919469/image
970600,Abdelkhalek Ait Ourehbi,abdelkhalek-ait-ourehbi,118830,https://api.sofascore.app/api/v1/player/970600/image
359288,Mohamed Saoud,mohamed-saoud,87180,https://api.sofascore.app/api/v1/player/359288/image
919251,Fedi Ben Choug,fedi-ben-choug,55039,https://api.sofascore.app/api/v1/player/919251/image
1000473,Adil Tahif,adil-tahif,80395,https://api.sofascore.app/api/v1/player/1000473/image
894737,Bernard Morrison,bernard-morrison,24394,https://api.sofascore.app/api/v1/player/894737/image
1112763,Amine Farhane,amine-farhane,36268,https://api.sofascore.app/api/v1/player/1112763/image
364758,Issoufou Dayo,issoufou-dayo,80395,https://api.sofascore.app/api/v1/player/364758/image
868978,Soufian El Moudane,soufian-el-moudane,55039,https://api.sofascore.app/api/v1/player/868978/image
919485,Lamine Diakité,lamine-diakite,24394,https://api.sofascore.app/api/v1/player/919485/image
919695,Yassine Rami,rami-yassine,55039,https://api.sofascore.app/api/v1/player/919695/image
1155596,Mamadou Lamine Camara,camara-mamadou-lamine,80395,https://api.sofascore.app/api/v1/player/1155596/image
1605928,Mouad Dahak,mouad-dahak,118834,https://api.sofascore.app/api/v1/player/1605928/image
1107604,Amine El Ouaad,amine-el-ouaad,80395,https://api.sofascore.app/api/v1/player/1107604/image
1004428,Achraf Marzak,marzak-achraf,118830,https://api.sofascore.app/api/v1/player/1004428/image
1407530,Zakaria Fatihi,zakaria-fatihi,327830,https://api.sofascore.app/api/v1/player/1407530/image
1525328,Youssef Kajai,youssef-kajai,118830,https://api.sofascore.app/api/v1/player/1525328/image
919579,Bilal El Megri,bilal-el-megri,55049,https://api.sofascore.app/api/v1/player/919579/image
845612,Zakaria Draoui,zakaria-draoui,36268,https://api.sofascore.app/api/v1/player/845612/image
919774,Ayoub Lakhal,ayoub-lakhal,55049,https://api.sofascore.app/api/v1/player/919774/image
1008217,Roger Aholou,roger-aholou,41757,https://api.sofascore.app/api/v1/player/1008217/image
970630,El Mehdi Benabid,el-mehdi-benabid,24394,https://api.sofascore.app/api/v1/player/970630/image
970834,Houdaifa El Mahasni,houdaifa-el-mahasni,55049,https://api.sofascore.app/api/v1/player/970834/image
919699,Saad Morsli,morsli-saad,55037,https://api.sofascore.app/api/v1/player/919699/image
872048,Arsène Zola,arsene-zola,36268,https://api.sofascore.app/api/v1/player/872048/image
1004249,Mehdi El Jourbaoui,mehdi-el-jourbaoui,55039,https://api.sofascore.app/api/v1/player/1004249/image
1592863,Assane Beye,assane-beye,55039,https://api.sofascore.app/api/v1/player/1592863/image
370032,Hicham Khaloua,hicham-khaloua,118834,https://api.sofascore.app/api/v1/player/370032/image
1140816,Abderrazak Ennakouss,abderrazak-ennakouss,327830,https://api.sofascore.app/api/v1/player/1140816/image
919762,Yasser Jarici,yasser-jarici,118830,https://api.sofascore.app/api/v1/player/919762/image
1013427,Mountassir Lahtimi,mountassir-lahtimi,36268,https://api.sofascore.app/api/v1/player/1013427/image
1008347,Jamal Ech-Chammakh,jamal-ech-chammakh,55039,https://api.sofascore.app/api/v1/player/1008347/image
1099571,Ismail Ouro-Agoro,ismail-ouro-agoro,24394,https://api.sofascore.app/api/v1/player/1099571/image
919527,Ahmed Chentouf,ahmed-chentouf,87180,https://api.sofascore.app/api/v1/player/919527/image
1022302,Abdessamad Mahir,abdessamad-mahir,55049,https://api.sofascore.app/api/v1/player/1022302/image
320031,Abdeljalil Jbira,abdeljalil-jbira,263373,https://api.sofascore.app/api/v1/player/320031/image
919688,Abderhmane El Houasli,abderhmane-el-houasli,118834,https://api.sofascore.app/api/v1/player/919688/image
1533733,Pape Badji,pape-badji,55049,https://api.sofascore.app/api/v1/player/1533733/image
1140833,Oussama Lamlioui,oussama-lamlioui,80395,https://api.sofascore.app/api/v1/player/1140833/image
1459151,Moad  Karmoun,moad-karmoun,55049,https://api.sofascore.app/api/v1/player/1459151/image
919697,Ayoub Qasmi,qasmi-ayoub,55027,https://api.sofascore.app/api/v1/player/919697/image
1475210,Anass Eddaou,anass-eddaou,118834,https://api.sofascore.app/api/v1/player/1475210/image
1401524,Marwane Elaz,marwane-elaz,55027,https://api.sofascore.app/api/v1/player/1401524/image
1008606,Zakaria Habti,zakaria-habti,24394,https://api.sofascore.app/api/v1/player/1008606/image
1526660,Achraf Kasbaoui,achraf-kasbaoui,170588,https://api.sofascore.app/api/v1/player/1526660/image
1461780,Mehdi Ashabi,mehdi-ashabi,55037,https://api.sofascore.app/api/v1/player/1461780/image
1525856,Souhayl Zamrat,souhayl-zamrat,118834,https://api.sofascore.app/api/v1/player/1525856/image
1095726,El Mehdi Maouhoub,el-mehdi-maouhoub,41757,https://api.sofascore.app/api/v1/player/1095726/image
1008598,Mohamed Zrida,mohamed-zrida,41757,https://api.sofascore.app/api/v1/player/1008598/image
919768,Zouheir El Hachemi,zouheir-el-hachemi,55027,https://api.sofascore.app/api/v1/player/919768/image
1009758,Youssef Limouri,youssef-limouri,297607,https://api.sofascore.app/api/v1/player/1009758/image
1502274,Soufiane Mestari,soufiane-mestari,55035,https://api.sofascore.app/api/v1/player/1502274/image
1140846,Oussama Al Aiz,oussama-al-aiz,87180,https://api.sofascore.app/api/v1/player/1140846/image
1140800,Yassine Kordani,yassine-kordani,55037,https://api.sofascore.app/api/v1/player/1140800/image
919476,El Mehdi El Bassil,el-mehdi-el-bassil,55027,https://api.sofascore.app/api/v1/player/919476/image
884821,Youssef Anouar,youssef-anouar,170588,https://api.sofascore.app/api/v1/player/884821/image
281093,Soufyan Ahannach,soufyan-ahannach,118834,https://api.sofascore.app/api/v1/player/281093/image
919942,Amine El Msane,amine-el-msane,55027,https://api.sofascore.app/api/v1/player/919942/image
1004540,Faouzi Abdoul Mutalib,mutalib-faouzi-abdoul,87180,https://api.sofascore.app/api/v1/player/1004540/image
804373,Zakaria Hadraf,zakaria-hadraf,263373,https://api.sofascore.app/api/v1/player/804373/image
1526551,Youssef Bouabid,youssef-bouabid,118830,https://api.sofascore.app/api/v1/player/1526551/image
1009910,Jad Assouab,jad-assouab,297607,https://api.sofascore.app/api/v1/player/1009910/image
78536,Ilias Haddad,ilias-haddad,118834,https://api.sofascore.app/api/v1/player/78536/image
1401535,Amine Azri,amine-azri,55027,https://api.sofascore.app/api/v1/player/1401535/image
1461399,Hatim Essaouabi,hatim-essaouabi,24394,https://api.sofascore.app/api/v1/player/1461399/image
1008871,Soulaiman El Amrani,soulaiman-el-amrani,55037,https://api.sofascore.app/api/v1/player/1008871/image
1140796,Youssef El Motie,youssef-el-motie,36268,https://api.sofascore.app/api/v1/player/1140796/image
1402175,Marouane Afalah,marouane-afalah,327830,https://api.sofascore.app/api/v1/player/1402175/image
1103080,Tawfik Bentayeb,tawfik-bentayeb,118834,https://api.sofascore.app/api/v1/player/1103080/image
1121419,Bouly Junior Sambou,sambou-bouly-junior,36268,https://api.sofascore.app/api/v1/player/1121419/image
1004525,Mohamed Rouhi,rouhi-mohamed,55037,https://api.sofascore.app/api/v1/player/1004525/image
1525327,Youssef Esdiri,youssef-esdiri,55039,https://api.sofascore.app/api/v1/player/1525327/image
1533731,Mohamed Yassine Abouzra,mohamed-yassine-abouzra,55049,https://api.sofascore.app/api/v1/player/1533731/image
1011367,Aymane Mourid,aymane-mourid,118834,https://api.sofascore.app/api/v1/player/1011367/image
1010890,Hamid Ahdad,hamid-ahdad,55027,https://api.sofascore.app/api/v1/player/1010890/image
1140849,Charki El Bahri,charki-el-bahri,36268,https://api.sofascore.app/api/v1/player/1140849/image
1168799,Bouchaib Arrassi,bouchaib-arrassi,41757,https://api.sofascore.app/api/v1/player/1168799/image
970604,Haytem Aina,haytem-aina,55035,https://api.sofascore.app/api/v1/player/970604/image
933040,Boniface Haba,boniface-haba,55037,https://api.sofascore.app/api/v1/player/933040/image
1140863,Mohssine Abba,mohssine-abba,55049,https://api.sofascore.app/api/v1/player/1140863/image
1866202,Abderrahim Bou Irkane,abderrahim-bou-irkane,118834,https://api.sofascore.app/api/v1/player/1866202/image
1592878,Karim Al-Achkar,karim-al-achkar,41757,https://api.sofascore.app/api/v1/player/1592878/image
1006860,Kangnivi Ama Tchoutchoui,kangnivi-ama-tchoutchoui,55035,https://api.sofascore.app/api/v1/player/1006860/image
1021159,Mohamed Souboul,souboul-mohamed,41757,https://api.sofascore.app/api/v1/player/1021159/image
1140856,Hamza Buihamghet,hamza-buihamghet,170588,https://api.sofascore.app/api/v1/player/1140856/image
1401580,Anass Nouader,anass-nouader,170588,https://api.sofascore.app/api/v1/player/1401580/image
970599,Hamza Moujahid,hamza-moujahid,55037,https://api.sofascore.app/api/v1/player/970599/image
577276,Mehdi Karnass,mehdi-karnass,263373,https://api.sofascore.app/api/v1/player/577276/image
919670,Mohamed Mourad Naji,mohamed-mourad-naji,55037,https://api.sofascore.app/api/v1/player/919670/image
939864,Ismael Benktib,ismael-benktib,327830,https://api.sofascore.app/api/v1/player/939864/image
793400,Simon Diedhiou,simon-diedhiou,118834,https://api.sofascore.app/api/v1/player/793400/image
373896,Zaid Krouch,zaid-krouch,55049,https://api.sofascore.app/api/v1/player/373896/image
1525301,Faraji Karmoune,faraji-karmoune,55037,https://api.sofascore.app/api/v1/player/1525301/image
1402176,Anass Moulhami,anass-moulhami,327830,https://api.sofascore.app/api/v1/player/1402176/image
1401604,Redouan Ait Lamkadem,redouan-ait-lamkadem,118834,https://api.sofascore.app/api/v1/player/1401604/image
1457871,Mahamadou Camara,mahamadou-camara,263373,https://api.sofascore.app/api/v1/player/1457871/image
1014728,El Mehdi Moubarik,moubarik-el-mehdi,41757,https://api.sofascore.app/api/v1/player/1014728/image
933770,Hamza Hannouri,hamza-hannouri,55027,https://api.sofascore.app/api/v1/player/933770/image
1416300,Anass Addaoui,anass-addaoui,118830,https://api.sofascore.app/api/v1/player/1416300/image
1606013,Yassir Zabiri,yassir-zabiri,118834,https://api.sofascore.app/api/v1/player/1606013/image
919475,Hamza Semmoumy,hamza-semmoumy,80395,https://api.sofascore.app/api/v1/player/919475/image
1461782,Zakaria Ami,zakaria-ami,55039,https://api.sofascore.app/api/v1/player/1461782/image
1140903,Amine Amri,amine-amri,170588,https://api.sofascore.app/api/v1/player/1140903/image
1404139,Yassine Lamine,yassine-lamine,55049,https://api.sofascore.app/api/v1/player/1404139/image
1015235,Oussama Soukhane,oussama-soukhane,55027,https://api.sofascore.app/api/v1/player/1015235/image
919542,Yassine El Ghazouani,yassine-el-ghazouani,55035,https://api.sofascore.app/api/v1/player/919542/image
1401967,Zaid Ben Khajjou,zaid-ben-khajjou,55049,https://api.sofascore.app/api/v1/player/1401967/image
1013918,Mohamed Rahim,mohamed-rahim,263373,https://api.sofascore.app/api/v1/player/1013918/image
1545322,Katulondi  Kati,katulondi-kati,55039,https://api.sofascore.app/api/v1/player/1545322/image
1525329,Youssef Lakhal,youssef-lakhal,263373,https://api.sofascore.app/api/v1/player/1525329/image
1021138,Mohamed Amine Essahel,mohamed-amine-essahel,118834,https://api.sofascore.app/api/v1/player/1021138/image
919474,Saad Ait Khorsa,saad-ait-khorsa,55035,https://api.sofascore.app/api/v1/player/919474/image
919946,Abdelouahed Hasty,abdelouahed-hasty,297607,https://api.sofascore.app/api/v1/player/919946/image
919658,Zakaria El Wardi,el-wardi-zakaria,41757,https://api.sofascore.app/api/v1/player/919658/image
845610,Houari Ferhani,houari-ferhani,55037,https://api.sofascore.app/api/v1/player/845610/image
1140891,Abderrahmane Qassaq,abderrahmane-qassaq,55037,https://api.sofascore.app/api/v1/player/1140891/image
1008872,Abdelfettah Hadraf,abdelfettah-hadraf,24394,https://api.sofascore.app/api/v1/player/1008872/image
1126852,Yassine Khalifi,yassine-khalifi,118834,https://api.sofascore.app/api/v1/player/1126852/image
1004515,Hamza Hamiani,hamza-hamiani,80395,https://api.sofascore.app/api/v1/player/1004515/image
1140813,Abdellatif Akhrif,abdellatif-akhrif,87180,https://api.sofascore.app/api/v1/player/1140813/image
805189,Hamdou Elhouni,hamdou-elhouni,36268,https://api.sofascore.app/api/v1/player/805189/image
919729,Badie Aouk,aouk-badie,118834,https://api.sofascore.app/api/v1/player/919729/image
1013197,Jalal Tachtach,jalal-tachtach,55039,https://api.sofascore.app/api/v1/player/1013197/image
973271,Tuisila Kisinda,tuisila-kisinda,80395,https://api.sofascore.app/api/v1/player/973271/image
1004523,Hamza Ait Allal,hamza-ait-allal,263373,https://api.sofascore.app/api/v1/player/1004523/image
1525294,Anass El Ghannouj,anass-el-ghannouj,263373,https://api.sofascore.app/api/v1/player/1525294/image
1525284,Abdelaziz El Hamzaoui,abdelaziz-el-hamzaoui,118830,https://api.sofascore.app/api/v1/player/1525284/image
1140806,Walid Rhailouf,walid-rhailouf,55037,https://api.sofascore.app/api/v1/player/1140806/image
1525299,Brahim El Idrissi Bouzidi,brahim-el-idrissi-bouzidi,263373,https://api.sofascore.app/api/v1/player/1525299/image
1008878,Soufiane Barrouhou,soufiane-barrouhou,327830,https://api.sofascore.app/api/v1/player/1008878/image
1564087,Adil  Jeddaoui,adil-jeddaoui,263373,https://api.sofascore.app/api/v1/player/1564087/image
990661,Tumisang Orebonye,tumisang-orebonye,24394,https://api.sofascore.app/api/v1/player/990661/image
1545330,Ayoub Malki,ayoub-malki,263373,https://api.sofascore.app/api/v1/player/1545330/image
1141125,Houssine Rahimi,houssine-rahimi,297607,https://api.sofascore.app/api/v1/player/1141125/image
990556,Emmanuel Imanishimwe,emmanuel-imanishimwe,24394,https://api.sofascore.app/api/v1/player/990556/image
1596891,Gnolou Claude,gnolou-claude,80395,https://api.sofascore.app/api/v1/player/1596891/image
919552,Chouaib El Maftoul,chouaib-el-maftoul,55027,https://api.sofascore.app/api/v1/player/919552/image
1402635,Soulaimane El Bouchqali,soulaimane-el-bouchqali,297607,https://api.sofascore.app/api/v1/player/1402635/image
1140894,Zakaria Bahrou,zakaria-bahrou,263373,https://api.sofascore.app/api/v1/player/1140894/image
919947,Issam Chouikh,issam-chouikh,118830,https://api.sofascore.app/api/v1/player/919947/image
1474907,Yassine Filali,yassine-filali,170588,https://api.sofascore.app/api/v1/player/1474907/image
919771,Hamza Kalai,hamza-kalai,55039,https://api.sofascore.app/api/v1/player/919771/image
1140927,Saleh Al Sellami,saleh-al-sellami,118830,https://api.sofascore.app/api/v1/player/1140927/image
1007579,Riad Benayad,riad-benayad,41757,https://api.sofascore.app/api/v1/player/1007579/image
1140818,Abdessamad Badaoui,abdessamad-badaoui,55027,https://api.sofascore.app/api/v1/player/1140818/image
1177186,Anas Soufeir,anas-soufeir,55037,https://api.sofascore.app/api/v1/player/1177186/image
788969,Mohsine Moutouali,mohsine-moutouali,55039,https://api.sofascore.app/api/v1/player/788969/image
1013832,Martial Zemba Ikoung,martial-zemba-ikoung,118834,https://api.sofascore.app/api/v1/player/1013832/image
1020959,Amine Souane,amine-souane,170588,https://api.sofascore.app/api/v1/player/1020959/image
1182631,Fahd Bendahmane,fahd-bendahmane,55039,https://api.sofascore.app/api/v1/player/1182631/image
1010889,Maati Tamaiazou,maati-tamaiazou,297607,https://api.sofascore.app/api/v1/player/1010889/image
919936,Mouhcine Erbibi,mouhcine-erbibi,297607,https://api.sofascore.app/api/v1/player/919936/image
915760,Soufiane Lagzir,soufiane-lagzir,55035,https://api.sofascore.app/api/v1/player/915760/image
1004260,Zakaria Kiani,zakaria-kiani,87180,https://api.sofascore.app/api/v1/player/1004260/image
1461307,Yassine Amhih,yassine-amhih,55049,https://api.sofascore.app/api/v1/player/1461307/image
1461329,Yahya Ben Khaleq,yahya-ben-khaleq,55027,https://api.sofascore.app/api/v1/player/1461329/image
1564226,Ismaila Simpara,ismaila-simpara,55049,https://api.sofascore.app/api/v1/player/1564226/image
782500,Anas Lamrabat,anas-lamrabat,87180,https://api.sofascore.app/api/v1/player/782500/image
1004247,Jawad Rhabra,jawad-rhabra,87180,https://api.sofascore.app/api/v1/player/1004247/image
1004511,Youssef Arbidi,arbidi-youssef,24394,https://api.sofascore.app/api/v1/player/1004511/image
1525292,Alexis Sanchez,alexis-sanchez,87180,https://api.sofascore.app/api/v1/player/1525292/image
919954,Youssef Zghoudi,youssef-zghoudi,80395,https://api.sofascore.app/api/v1/player/919954/image
970835,Mohamed Al Makahasi,mohamed-al-makahasi,41757,https://api.sofascore.app/api/v1/player/970835/image
1545326,Barowheou Justin Yere,barowheou-justin-yere,55035,https://api.sofascore.app/api/v1/player/1545326/image
1095727,Haytam Manaout,haytam-manaout,118834,https://api.sofascore.app/api/v1/player/1095727/image
1655335,Ismail Gazaoui,ismail-gazaoui,36268,https://api.sofascore.app/api/v1/player/1655335/image
1020148,Achraf Hmaidou,achraf-hmaidou,297607,https://api.sofascore.app/api/v1/player/1020148/image
978956,Ayoub Khairi,ayoub-khairi,80395,https://api.sofascore.app/api/v1/player/978956/image
1404260,Hassan Zraibi,hassan-zraibi,87180,https://api.sofascore.app/api/v1/player/1404260/image
1140963,Lahcen Gourbi,lahcen-gourbi,55035,https://api.sofascore.app/api/v1/player/1140963/image
1008132,Alaeddine Ajaray,alaeddine-ajaray,24394,https://api.sofascore.app/api/v1/player/1008132/image
1545316,Noureddine Oussama,noureddine-oussama,327830,https://api.sofascore.app/api/v1/player/1545316/image
1799905,Yasser Ezzine,yasser-ezzine,327830,https://api.sofascore.app/api/v1/player/1799905/image
1162119,Mohammed Bahadi,mohammed-bahadi,170588,https://api.sofascore.app/api/v1/player/1162119/image
1168590,Abdellah Haimoud,abdellah-haimoud,36268,https://api.sofascore.app/api/v1/player/1168590/image
1471617,Ismail Mihrab,ismail-mihrab,327830,https://api.sofascore.app/api/v1/player/1471617/image
1140943,Oussama Mahrous,oussama-mahrous,36268,https://api.sofascore.app/api/v1/player/1140943/image
919554,Youssef Aguerdoum,youssef-aguerdoum,55035,https://api.sofascore.app/api/v1/player/919554/image
970633,Habib Allah Dahmani,habib-allah-dahmani,170588,https://api.sofascore.app/api/v1/player/970633/image
919505,Ayoub El Jorfi,ayoub-el-jorfi,87180,https://api.sofascore.app/api/v1/player/919505/image
1477128,Ilyass Lagrimi,ilyass-lagrimi,118834,https://api.sofascore.app/api/v1/player/1477128/image
1004248,Anas Serrhat,anas-serrhat,36268,https://api.sofascore.app/api/v1/player/1004248/image
1473503,Hamza Ghatas,hamza-ghatas,55049,https://api.sofascore.app/api/v1/player/1473503/image
1545317,Cheickna Samake,cheickna-samake,55037,https://api.sofascore.app/api/v1/player/1545317/image
1545331,Youness Khoutari,youness-khoutari,263373,https://api.sofascore.app/api/v1/player/1545331/image
1140935,El Habib Brija,el-habib-brija,170588,https://api.sofascore.app/api/v1/player/1140935/image
1461306,Mouad Goulouss,mouad-goulouss,55049,https://api.sofascore.app/api/v1/player/1461306/image
1655612,Soufiane Et Tazi,soufiane-et-tazi,55027,https://api.sofascore.app/api/v1/player/1655612/image
1140870,Ismail Moutaraji,ismail-moutaraji,36268,https://api.sofascore.app/api/v1/player/1140870/image
1525286,Abdellah Ait Brahim,abdellah-ait-brahim,55039,https://api.sofascore.app/api/v1/player/1525286/image
359282,Yassine Jbira,yassine-jbira,55049,https://api.sofascore.app/api/v1/player/359282/image
1000536,Anas Nanah,anas-nanah,118834,https://api.sofascore.app/api/v1/player/1000536/image
971036,Djibril Ouattara,djibril-ouattara,80395,https://api.sofascore.app/api/v1/player/971036/image
879566,Mohamed Ounajem,mohamed-ounajem,36268,https://api.sofascore.app/api/v1/player/879566/image
1114480,Reda Hajji,reda-hajji,80395,https://api.sofascore.app/api/v1/player/1114480/image
1401595,Reda Asmama,reda-asmama,118834,https://api.sofascore.app/api/v1/player/1401595/image
1140799,Abdallah Boukhanfer,abdallah-boukhanfer,55039,https://api.sofascore.app/api/v1/player/1140799/image
1102957,Paul Bassène,paul-bassene,80395,https://api.sofascore.app/api/v1/player/1102957/image
1182630,Mohamed Bakhkhach,mohamed-bakhkhach,55039,https://api.sofascore.app/api/v1/player/1182630/image
1606003,Hossam Essadak,hossam-essadak,118834,https://api.sofascore.app/api/v1/player/1606003/image
1632103,Ayman El Kadmiri,ayman-el-kadmiri,263373,https://api.sofascore.app/api/v1/player/1632103/image
919577,Tarik Asstati,tarik-asstati,55039,https://api.sofascore.app/api/v1/player/919577/image
1401850,Mohamed Said Bouksyr,mohamed-said-bouksyr,87180,https://api.sofascore.app/api/v1/player/1401850/image
919694,Jalal Daoudi,daoudi-jalal,87180,https://api.sofascore.app/api/v1/player/919694/image
1182606,Reda Zemrani,reda-zemrani,55039,https://api.sofascore.app/api/v1/player/1182606/image
1008631,Zinedine Derrag,zinedine-derrag,24394,https://api.sofascore.app/api/v1/player/1008631/image
1526456,Ayoub Lakhlifi,ayoub-lakhlifi,297607,https://api.sofascore.app/api/v1/player/1526456/image
919514,Nouaman Aarab,nouaman-aarab,87180,https://api.sofascore.app/api/v1/player/919514/image
919650,Hamza El Houssini,hamza-el-houssini,118830,https://api.sofascore.app/api/v1/player/919650/image
1140855,Hamza Afsal,hamza-afsal,55039,https://api.sofascore.app/api/v1/player/1140855/image
953996,Salaheddine Bahi,salaheddine-bahi,55039,https://api.sofascore.app/api/v1/player/953996/image
1000439,Zakaria Driouech,zakaria-driouech,327830,https://api.sofascore.app/api/v1/player/1000439/image
942832,Amadou Dia Ndiaye,amadou-dia-ndiaye,118834,https://api.sofascore.app/api/v1/player/942832/image
970808,Ismail Harache,ismail-harache,55035,https://api.sofascore.app/api/v1/player/970808/image
1014369,Pa Modou Sohna,pa-modou-sohna,297607,https://api.sofascore.app/api/v1/player/1014369/image
1545318,Hamza Malki,hamza-malki,118830,https://api.sofascore.app/api/v1/player/1545318/image
1547062,Adnane Bentagana,adnane-bentagana,297607,https://api.sofascore.app/api/v1/player/1547062/image
1399957,Hassan Aqboub,hassan-aqboub,118834,https://api.sofascore.app/api/v1/player/1399957/image
789643,Domingo,domingo,41757,https://api.sofascore.app/api/v1/player/789643/image
796151,Brahim Sabaouni,brahim-sabaouni,55027,https://api.sofascore.app/api/v1/player/796151/image
1416350,Mohamed El Badoui,mohamed-el-badoui,55035,https://api.sofascore.app/api/v1/player/1416350/image
1004254,Issam Benbouabdellah,issam-benbouabdellah,118830,https://api.sofascore.app/api/v1/player/1004254/image
1401587,Achraf Berqi,achraf-berqi,118834,https://api.sofascore.app/api/v1/player/1401587/image
970788,Mehdi Ouaya,mehdi-ouaya,118830,https://api.sofascore.app/api/v1/player/970788/image
1874704,Omar Nefah,omar-nefah,80395,https://api.sofascore.app/api/v1/player/1874704/image
1866648,Muhammad Al-Murabit,muhammad-al-murabit,80395,https://api.sofascore.app/api/v1/player/1866648/image
1140868,Imad Askar,imad-askar,87180,https://api.sofascore.app/api/v1/player/1140868/image
1657203,Aymane Foutat,aymane-foutat,327830,https://api.sofascore.app/api/v1/player/1657203/image
1126853,Hamza El Baroudi,hamza-el-baroudi,80395,https://api.sofascore.app/api/v1/player/1126853/image
1141122,Mouad Fekkak,mouad-fekkak,118830,https://api.sofascore.app/api/v1/player/1141122/image
970733,Karim Hachimi,karim-hachimi,55035,https://api.sofascore.app/api/v1/player/970733/image
1005867,Omar Namsaoui,omar-namsaoui,55035,https://api.sofascore.app/api/v1/player/1005867/image
884817,Zouhair El Ouassli,zouhair-el-ouassli,87180,https://api.sofascore.app/api/v1/player/884817/image
1525307,Karim Lagrouch,karim-lagrouch,327830,https://api.sofascore.app/api/v1/player/1525307/image
1545340,Reda Alaoui,reda-alaoui,55027,https://api.sofascore.app/api/v1/player/1545340/image
782482,Mehdi Khallati,mehdi-khallati,55039,https://api.sofascore.app/api/v1/player/782482/image
1023466,Mohamed Amine Azemani,mohamed-amine-azemani,55049,https://api.sofascore.app/api/v1/player/1023466/image
1140850,Mustapha Sahd,mustapha-sahd,55035,https://api.sofascore.app/api/v1/player/1140850/image
1525293,Amine El Maswab,amine-el-maswab,80395,https://api.sofascore.app/api/v1/player/1525293/image
1473502,Mohamed Radouani,mohamed-radouani,55049,https://api.sofascore.app/api/v1/player/1473502/image
1140857,Mouad Bahsain,mouad-bahsain,297607,https://api.sofascore.app/api/v1/player/1140857/image
1503256,Mouad Gari,mouad-gari,327830,https://api.sofascore.app/api/v1/player/1503256/image
1185396,Hamza El Moudene,hamza-el-moudene,55027,https://api.sofascore.app/api/v1/player/1185396/image
1102953,Mamadou Seck,mamadou-seck,55049,https://api.sofascore.app/api/v1/player/1102953/image
1170665,Nadir Lougmani,nadir-lougmani,170588,https://api.sofascore.app/api/v1/player/1170665/image
1008483,Christian Nsundi,christian-nsundi,55035,https://api.sofascore.app/api/v1/player/1008483/image
1140918,Ayoub Chaboud,ayoub-chaboud,55049,https://api.sofascore.app/api/v1/player/1140918/image
1213239,Mohamed Radid,mohamed-radid,118834,https://api.sofascore.app/api/v1/player/1213239/image
1802069,Marouane Samoudi,marouane-samoudi,55037,https://api.sofascore.app/api/v1/player/1802069/image
1404072,Imad Serbout,imad-serbout,170588,https://api.sofascore.app/api/v1/player/1404072/image
1534400,Anas Boukram,anas-boukram,327830,https://api.sofascore.app/api/v1/player/1534400/image
1401904,Rochdi Oulad Abdelouahab,rochdi-oulad-abdelouahab,55049,https://api.sofascore.app/api/v1/player/1401904/image
1526453,Youssef Sakhi,youssef-sakhi,297607,https://api.sofascore.app/api/v1/player/1526453/image
1525326,Youssef Oubaba,youssef-oubaba,118830,https://api.sofascore.app/api/v1/player/1525326/image
1525285,Abdel Hamid Maali,abdel-hamid-maali,87180,https://api.sofascore.app/api/v1/player/1525285/image
1140827,Reda Moussadek,reda-moussadek,118830,https://api.sofascore.app/api/v1/player/1140827/image
1866207,Hamza El Belghyty,hamza-el-belghyty,55039,https://api.sofascore.app/api/v1/player/1866207/image
1626874,Ali  Ziate,ali-ziate,263373,https://api.sofascore.app/api/v1/player/1626874/image
1459302,Semelo Gueï,semelo-guei,55035,https://api.sofascore.app/api/v1/player/1459302/image
970810,Naoufal Zannane,naoufal-zannane,118830,https://api.sofascore.app/api/v1/player/970810/image
1525306,James Ajako,james-ajako,55027,https://api.sofascore.app/api/v1/player/1525306/image
1140881,Marouane Zila,marouane-zila,41757,https://api.sofascore.app/api/v1/player/1140881/image
1140922,Bilal Soufi,bilal-soufi,263373,https://api.sofascore.app/api/v1/player/1140922/image
970588,Youssef Chaina,youssef-chaina,87180,https://api.sofascore.app/api/v1/player/970588/image
1655618,Ayoub Aloum,ayoub-aloum,55035,https://api.sofascore.app/api/v1/player/1655618/image
1585741,Monir El Habach,monir-el-habach,36268,https://api.sofascore.app/api/v1/player/1585741/image
1525321,Soufiane Jazouli,soufiane-jazouli,263373,https://api.sofascore.app/api/v1/player/1525321/image
1008140,Banfa Sylla,banfa-sylla,55035,https://api.sofascore.app/api/v1/player/1008140/image
1093011,Salaheddine Icharane,salaheddine-icharane,297607,https://api.sofascore.app/api/v1/player/1093011/image
919495,Brahim El Bahraoui,brahim-el-bahraoui,55037,https://api.sofascore.app/api/v1/player/919495/image
1528418,Youssef Dalouzi,youssef-dalouzi,327830,https://api.sofascore.app/api/v1/player/1528418/image
1021418,Brahim Dahmoun,brahim-dahmoun,55039,https://api.sofascore.app/api/v1/player/1021418/image
981300,Ennaama El Bellali,ennaama-el-bellali,297607,https://api.sofascore.app/api/v1/player/981300/image
919543,Hicham Marchad,hicham-marchad,118830,https://api.sofascore.app/api/v1/player/919543/image
1005345,Hachim Mastour,hachim-mastour,118834,https://api.sofascore.app/api/v1/player/1005345/image
1140914,Ayoub Adila,ayoub-adila,327830,https://api.sofascore.app/api/v1/player/1140914/image
919674,Ibrahim Najm Eddine,ibrahim-najm-eddine,118830,https://api.sofascore.app/api/v1/player/919674/image
1095728,Ismail Gourad,ismail-gourad,170588,https://api.sofascore.app/api/v1/player/1095728/image
1140930,Salaheddine Errahouli,salaheddine-errahouli,55037,https://api.sofascore.app/api/v1/player/1140930/image
1168623,Oussama Radi,oussama-radi,170588,https://api.sofascore.app/api/v1/player/1168623/image
1525325,Youness Moukhlis,youness-moukhlis,118830,https://api.sofascore.app/api/v1/player/1525325/image
1140840,Aziz Ennakhli,aziz-ennakhli,327830,https://api.sofascore.app/api/v1/player/1140840/image
1855752,Soulaiman  Lamrany,soulaiman-lamrany,55037,https://api.sofascore.app/api/v1/player/1855752/image
1153320,Mehdi El Khamlichi,mehdi-el-khamlichi,55049,https://api.sofascore.app/api/v1/player/1153320/image
1545324,Mohamed El Mehdi,mohamed-el-mehdi,87180,https://api.sofascore.app/api/v1/player/1545324/image
1548496,Jaafar  By,jaafar-by,327830,https://api.sofascore.app/api/v1/player/1548496/image
1632065,Oussama Essafi,oussama-essafi,80395,https://api.sofascore.app/api/v1/player/1632065/image
812999,Aymen Hussein,aymen-hussein,41757,https://api.sofascore.app/api/v1/player/812999/image
919734,Hamza Hassani Boouia,hamza-hassani-boouia,87180,https://api.sofascore.app/api/v1/player/919734/image
893189,Herve Guy,herve-guy,41757,https://api.sofascore.app/api/v1/player/893189/image
1401883,Joe Amian,joe-amian,55039,https://api.sofascore.app/api/v1/player/1401883/image
1140899,Youssef Michte,youssef-michte,55037,https://api.sofascore.app/api/v1/player/1140899/image
1655619,Ismail Hrila,ismail-hrila,55039,https://api.sofascore.app/api/v1/player/1655619/image
1401596,Yassine El Khalej,yassine-el-khalej,118834,https://api.sofascore.app/api/v1/player/1401596/image
1386878,Ahmadou Ama Camara,ahmadou-ama-camara,41757,https://api.sofascore.app/api/v1/player/1386878/image
368288,Zakaria Belmaachi,zakaria-belmaachi,55037,https://api.sofascore.app/api/v1/player/368288/image
1546488,Papa Amady Gadio,papa-amady-gadio,118834,https://api.sofascore.app/api/v1/player/1546488/image
919615,Taoufik Safsafi,taoufik-safsafi,327830,https://api.sofascore.app/api/v1/player/919615/image
1140874,Kamal EL Keraa,kamal-el-keraa,297607,https://api.sofascore.app/api/v1/player/1140874/image
1142806,Anas Sabyh,anas-sabyh,297607,https://api.sofascore.app/api/v1/player/1142806/image
1008599,Abdelilah Madkour,abdelilah-madkour,80395,https://api.sofascore.app/api/v1/player/1008599/image
331741,Nabil Jaadi,nabil-jaadi,87180,https://api.sofascore.app/api/v1/player/331741/image
1140842,Aziz Kaidi,aziz-kaidi,55039,https://api.sofascore.app/api/v1/player/1140842/image
1525302,Hicham Ait Brahim,hicham-ait-brahim,36268,https://api.sofascore.app/api/v1/player/1525302/image
971041,Mohamed El Jaaouani,mohamed-el-jaaouani,118830,https://api.sofascore.app/api/v1/player/971041/image
840947,Ibrahima Gueye,ibrahima-gueye,297607,https://api.sofascore.app/api/v1/player/840947/image
1410431,Zakaria Labib,zakaria-labib,41757,https://api.sofascore.app/api/v1/player/1410431/image
1418569,Mahmoud El Kayssoumi,mahmoud-el-kayssoumi,87180,https://api.sofascore.app/api/v1/player/1418569/image
1546502,Ayoub Tine,ayoub-tine,263373,https://api.sofascore.app/api/v1/player/1546502/image
884820,Omar Boutayeb,omar-boutayeb,297607,https://api.sofascore.app/api/v1/player/884820/image
1004547,Haytham El Bahja,el-bahja-haytham,297607,https://api.sofascore.app/api/v1/player/1004547/image
1100773,Ayoub Ouadrassi,ayoub-ouadrassi,55049,https://api.sofascore.app/api/v1/player/1100773/image
1525291,Aissa Saidi,aissa-saidi,118834,https://api.sofascore.app/api/v1/player/1525291/image
1000500,Akram Nakach,akram-nakach,118834,https://api.sofascore.app/api/v1/player/1000500/image
1064774,Eric Mbangossoum,eric-mbangossoum,118834,https://api.sofascore.app/api/v1/player/1064774/image
1475207,Anouar Frindi,anouar-frindi,55049,https://api.sofascore.app/api/v1/player/1475207/image
1526658,Salaheddine Boukhnifrate,salaheddine-boukhnifrate,170588,https://api.sofascore.app/api/v1/player/1526658/image
1140815,Salah Moussadak,salah-moussadak,55027,https://api.sofascore.app/api/v1/player/1140815/image
1008488,Junior Mbele,junior-mbele,55039,https://api.sofascore.app/api/v1/player/1008488/image
919783,Hamza Regragui,regragui-hamza,36268,https://api.sofascore.app/api/v1/player/919783/image
1626588,Mehdi Dabdoubi,mehdi-dabdoubi,327830,https://api.sofascore.app/api/v1/player/1626588/image
826571,Zakaria Hamadi,zakaria-hamadi,170588,https://api.sofascore.app/api/v1/player/826571/image
845095,Ndifreke Udo,ndifreke-udo,55037,https://api.sofascore.app/api/v1/player/845095/image
1471574,Ali El Harrak,ali-el-harrak,87180,https://api.sofascore.app/api/v1/player/1471574/image
1404069,Ayoub Ballouchy,ayoub-ballouchy,327830,https://api.sofascore.app/api/v1/player/1404069/image
977069,Imran Fiddi,imran-fiddi,297607,https://api.sofascore.app/api/v1/player/977069/image
1545312,Walid Nekaila,walid-nekaila,327830,https://api.sofascore.app/api/v1/player/1545312/image
1103074,Charaf-Eddine Boulahroud,charaf-eddine-boulahroud,263373,https://api.sofascore.app/api/v1/player/1103074/image
1561842,Mansour Nachet,mansour-nachet,41757,https://api.sofascore.app/api/v1/player/1561842/image
1503253,Aymen Azizi,aymen-azizi,170588,https://api.sofascore.app/api/v1/player/1503253/image
1459757,Salaheddine Cheffani,salaheddine-cheffani,87180,https://api.sofascore.app/api/v1/player/1459757/image
1000467,Abderrahmane Kernane,abderrahmane-kernane,55037,https://api.sofascore.app/api/v1/player/1000467/image
1819502,Mimoun Hamdaoui,mimoun-hamdaoui,263373,https://api.sofascore.app/api/v1/player/1819502/image
1866465,Sami Zouhri,sami-zouhri,263373,https://api.sofascore.app/api/v1/player/1866465/image
1875407,Mohamed Mhamdi,mohamed-mhamdi,55049,https://api.sofascore.app/api/v1/player/1875407/image
1596931,Bilal Essoufi,bilal-essoufi,263373,https://api.sofascore.app/api/v1/player/1596931/image
1874633,Slimane Youss,slimane-youss,263373,https://api.sofascore.app/api/v1/player/1874633/image
1846407,Abdou Keita,abdou-keita,263373,https://api.sofascore.app/api/v1/player/1846407/image
1874703,Amine El Moutaouakil,amine-el-moutaouakil,263373,https://api.sofascore.app/api/v1/player/1874703/image
826181,Soufiane Karkache,soufiane-karkache,263373,https://api.sofascore.app/api/v1/player/826181/image
1021107,Achraf Gharib,achraf-gharib,263373,https://api.sofascore.app/api/v1/player/1021107/image
1013854,Presnel Arnaud Banga,presnel-arnaud-banga,55027,https://api.sofascore.app/api/v1/player/1013854/image
1545327,Mohamed Lamni,mohamed-lamni,55035,https://api.sofascore.app/api/v1/player/1545327/image
1401965,Oussarhan,oussarhan,55049,https://api.sofascore.app/api/v1/player/1401965/image
1013225,Oussama Hafari,oussama-hafari,55037,https://api.sofascore.app/api/v1/player/1013225/image
1613995,Adham Khalfi,adham-khalfi,263373,https://api.sofascore.app/api/v1/player/1613995/image
1433799,Chams Eddine Knaidil,chams-eddine-knaidil,297607,https://api.sofascore.app/api/v1/player/1433799/image
1526455,Hamza Belouad,hamza-belouad,297607,https://api.sofascore.app/api/v1/player/1526455/image
1140831,Ayman El Hadry,ayman-el-hadry,55037,https://api.sofascore.app/api/v1/player/1140831/image
1531178,Mohamed Johnson,mohamed-johnson,118830,https://api.sofascore.app/api/v1/player/1531178/image
1532030,Youssef Malki,youssef-malki,170588,https://api.sofascore.app/api/v1/player/1532030/image
1548495,Mohamed  Archidi,mohamed-archidi,327830,https://api.sofascore.app/api/v1/player/1548495/image
1112765,Mounsef Chrachem,mounsef-chrachem,263373,https://api.sofascore.app/api/v1/player/1112765/image
1798512,Ahmad El Houari,ahmad-el-houari,327830,https://api.sofascore.app/api/v1/player/1798512/image
1140866,Ilyas El Qaada,ilyas-el-qaada,55039,https://api.sofascore.app/api/v1/player/1140866/image
1545329,Bernard Obounou,bernard-obounou,263373,https://api.sofascore.app/api/v1/player/1545329/image
1215946,Abdelaziz El Achab,abdelaziz-el-achab,118830,https://api.sofascore.app/api/v1/player/1215946/image
1869048,Younes Ikhounnioune,younes-ikhounnioune,55039,https://api.sofascore.app/api/v1/player/1869048/image
1500985,Mouad Hmamouchi,mouad-hmamouchi,55035,https://api.sofascore.app/api/v1/player/1500985/image
1545321,Walid Chakir,walid-chakir,118830,https://api.sofascore.app/api/v1/player/1545321/image
919654,Abdelmoula El Ghrous,abdelmoula-el-ghrous,55049,https://api.sofascore.app/api/v1/player/919654/image
1525868,Bilal Allal,bilal-allal,263373,https://api.sofascore.app/api/v1/player/1525868/image
1545334,Oussama Essabri,oussama-essabri,263373,https://api.sofascore.app/api/v1/player/1545334/image
1657204,Mouhammed  El Jadidi,mouhammed-el-jadidi,327830,https://api.sofascore.app/api/v1/player/1657204/image
1564777,Adil  Mahmoud,adil-mahmoud,327830,https://api.sofascore.app/api/v1/player/1564777/image
1802464,Abdeljalil  Machich,abdeljalil-machich,170588,https://api.sofascore.app/api/v1/player/1802464/image
1525861,Baidi,baidi,263373,https://api.sofascore.app/api/v1/player/1525861/image
1533732,Ouail el Merabet,ouail-el-merabet,55049,https://api.sofascore.app/api/v1/player/1533732/image
1545335,Imad  Khannouss,imad-khannouss,36268,https://api.sofascore.app/api/v1/player/1545335/image
1866448,Aymen el Aatga,aymen-el-aatga,263373,https://api.sofascore.app/api/v1/player/1866448/image
1545315,Mohamed Malik,mohamed-malik,327830,https://api.sofascore.app/api/v1/player/1545315/image
1016143,Victor Abrego,victor-abrego,41757,https://api.sofascore.app/api/v1/player/1016143/image
1597138,Mohamed Amine Katiba,mohamed-amine-katiba,55039,https://api.sofascore.app/api/v1/player/1597138/image
939727,Messie Biatoumoussoka,messie-biatoumoussoka,24394,https://api.sofascore.app/api/v1/player/939727/image
1526729,Aniss Tabich,aniss-tabich,170588,https://api.sofascore.app/api/v1/player/1526729/image
1632167,Adnane El Bouhali,adnane-el-bouhali,118834,https://api.sofascore.app/api/v1/player/1632167/image
1140907,Amjad Sabile,amjad-sabile,55037,https://api.sofascore.app/api/v1/player/1140907/image
1526659,Akram Kaddouri,akram-kaddouri,170588,https://api.sofascore.app/api/v1/player/1526659/image
1545310,Mohamed El Hbaili,mohamed-el-hbaili,170588,https://api.sofascore.app/api/v1/player/1545310/image
1146872,Hicham Alaoui,hicham-alaoui,297607,https://api.sofascore.app/api/v1/player/1146872/image
887418,Bilal Kamal,bilal-kamal,80395,https://api.sofascore.app/api/v1/player/887418/image
1526458,Baye Dame Thiam,baye-dame-thiam,297607,https://api.sofascore.app/api/v1/player/1526458/image
1525304,Imad Ben Sghir,imad-ben-sghir,263373,https://api.sofascore.app/api/v1/player/1525304/image
981299,Karim Ait Mohamed,karim-ait-mohamed,263373,https://api.sofascore.app/api/v1/player/981299/image
919635,Moukhtar Majid,moukhtar-majid,118830,https://api.sofascore.app/api/v1/player/919635/image
1545647,Mehdi Lamchkhchakh,mehdi-lamchkhchakh,41757,https://api.sofascore.app/api/v1/player/1545647/image
1424464,Ismail Laghzali,ismail-laghzali,87180,https://api.sofascore.app/api/v1/player/1424464/image
1401969,Anass  Haffout,anass-haffout,55049,https://api.sofascore.app/api/v1/player/1401969/image
1545333,Lotfi Aymane,lotfi-aymane,263373,https://api.sofascore.app/api/v1/player/1545333/image
1797743,Mohamed El Morsli,mohamed-el-morsli,55039,https://api.sofascore.app/api/v1/player/1797743/image
